Municipality,Year,Res_Electricity_EE,Total_Electricity,Res_Natural_Gas_EE,Total_Natural_Gas
Aberdeen township,2015,"58,511,214","91,769,686","5,298,920","5,298,920"
Aberdeen township,2020,"59,539,032","88,617,776","4,952,832","4,952,832"
Absecon city,2015,"37,043,312","37,043,312","2,739,186","2,739,186"
Absecon city,2020,"34,737,469","34,737,469","2,498,445","2,498,445"
Alexandria township,2020,"24,097,340","28,549,063",NDA,0
Alexandria township,2015,"23,711,407","29,779,081",NDA,0
Allamuchy township,2020,"20,289,839","27,267,221","2,392,457","2,392,457"
Allamuchy township,2015,"20,730,321","28,642,269","1,423,922","1,423,922"
Allendale borough,2015,"28,346,006","57,684,262","3,623,971","3,623,971"
Allendale borough,2020,"28,392,440","54,627,125","3,385,514","3,385,514"
Allenhurst borough,2015,"4,924,969","10,481,597","570,346","570,346"
Allenhurst borough,2020,"5,876,198","8,200,942","516,095","516,095"
Allentown borough,2015,"6,813,249","12,613,018","581,781","581,781"
Allentown borough,2020,"6,653,337","11,428,357","511,123","511,123"
Alloway township,2020,"11,262,278","11,262,278","13,257","13,257"
Alloway township,2015,"12,836,529","12,836,529","5,930","5,930"
Alpha borough,2020,"8,418,490","27,593,378","678,291","678,291"
Alpha borough,2015,"8,296,432","27,495,406","370,134","370,134"
Alpine borough,2015,"20,969,468","20,969,468","2,374,623","2,374,623"
Alpine borough,2020,"20,250,252","25,366,388","2,185,929","2,185,929"
Andover borough,2020,"3,151,387","5,661,592",NDA,0
Andover borough,2015,"3,079,803","5,844,877",NDA,0
Andover township,2020,"26,313,608","38,702,659","444,775","444,775"
Andover township,2015,"26,779,192","41,174,833","241,574","241,574"
Asbury Park city,2015,"35,569,874","98,027,061","3,358,743","3,358,743"
Asbury Park city,2020,"37,662,168","99,105,519","2,500,735","2,500,735"
Atlantic City city,2015,"86,034,398","86,034,398","7,092,311","7,092,311"
Atlantic City city,2020,"84,330,462","84,330,462","6,018,090","6,018,090"
Atlantic Highlands borough,2020,"18,621,512","29,235,068","26,745,606","26,745,606"
Atlantic Highlands borough,2015,"19,079,600","30,667,865","1,832,611","1,832,611"
Audubon borough,2015,"29,658,636","54,579,369","2,643,585","2,643,585"
Audubon borough,2020,"29,367,624","52,957,455","2,326,222","2,326,222"
Audubon Park borough,2015,NDA,"2,516",NDA,0
Audubon Park borough,2020,NDA,"2,517",NDA,0
Avalon borough,2015,"45,374,229","45,374,229","2,938,508","2,938,508"
Avalon borough,2020,"51,298,904","51,298,904","2,825,477","2,825,477"
Avon-by-the-Sea borough,2015,"9,129,031","12,688,398","1,004,215","1,004,215"
Avon-by-the-Sea borough,2020,"9,745,025","12,653,195","886,760","886,760"
Barnegat Light borough,2020,"8,886,798","8,886,798","494,330","494,330"
Barnegat Light borough,2015,"8,410,148","8,410,148","483,884","483,884"
Barnegat township,2020,"91,170,458","119,748,314","7,571,289","7,571,289"
Barnegat township,2015,"90,430,459","130,354,213","6,968,844","6,968,844"
Barrington borough,2015,"23,285,756","44,450,199","1,753,656","1,753,656"
Barrington borough,2020,"23,008,191","43,206,995","1,531,148","1,531,148"
Bass River township,2020,"5,286,017","5,286,017","5,156,719","5,156,719"
Bass River township,2015,"6,209,917","6,209,917","35,573","35,573"
Bay Head borough,2015,"9,310,200","18,313,093","986,214","986,214"
Bay Head borough,2020,"10,757,738","20,452,610","929,527","929,527"
Bayonne city,2015,"144,021,980","340,795,801","16,028,881","16,028,881"
Bayonne city,2020,"148,912,425","348,527,977","14,658,643","14,658,643"
Beach Haven borough,2020,"35,437,136","35,437,136","5,735,920","5,735,920"
Beach Haven borough,2015,"31,330,394","31,330,394","4,015,734","4,015,734"
Beachwood borough,2020,"36,701,859","43,382,315","3,060,168","3,060,168"
Beachwood borough,2015,"38,119,804","45,534,760","2,765,044","2,765,044"
Bedminster township,2015,"35,533,244","121,056,117","2,435,230","2,435,230"
Bedminster township,2020,"32,153,525","104,748,657","2,047,687","2,047,687"
Belleville township,2015,"85,396,024","168,636,745","9,354,901","9,354,901"
Belleville township,2020,"86,045,467","162,397,223","8,735,957","8,735,957"
Bellmawr borough,2015,"37,077,187","95,917,244","2,964,220","2,964,220"
Bellmawr borough,2020,"35,819,381","99,253,597","2,572,545","2,572,545"
Belmar borough,2015,"25,102,315","43,907,866","2,288,819","2,288,819"
Belmar borough,2020,"26,116,057","42,920,007","2,060,301","2,060,301"
Belvidere town,2020,"10,442,555","63,508,085","393,685","393,685"
Belvidere town,2015,"10,708,059","26,682,664","168,162","168,162"
Bergenfield borough,2015,"69,399,008","104,239,582","7,996,343","7,996,343"
Bergenfield borough,2020,"69,714,154","97,622,164","6,997,191","6,997,191"
Berkeley heights township,2015,"45,279,710","197,831,567","5,374,061","5,374,061"
Berkeley heights township,2020,"44,540,918","142,205,609","4,827,906","4,827,906"
Berkeley township,2015,"166,154,977","236,042,436","17,199,365","17,199,365"
Berkeley township,2020,"163,915,258","237,520,568","2,086,597","2,086,597"
Berlin borough,2015,"42,414,229","42,414,229","2,827,050","2,827,050"
Berlin borough,2020,"38,732,969","38,732,969","2,466,146","2,466,146"
Berlin township,2015,"25,968,780","25,968,780","1,240,392","1,240,392"
Berlin township,2020,"24,369,421","24,369,421","1,229,278","1,229,278"
Bernards township,2015,"122,053,405","261,447,467","12,056,472","12,056,472"
Bernards township,2020,"116,048,774","240,113,218","10,750,280","10,750,280"
Bernardsville borough,2020,"45,494,525","83,438,795","3,746,546","3,746,546"
Bernardsville borough,2015,"46,525,096","90,914,663","3,694,350","3,694,350"
Bethlehem township,2020,"18,310,856","26,547,659","88,958","88,958"
Bethlehem township,2015,"18,432,706","30,164,298","49,272","49,272"
Beverly city,2015,"7,558,424","9,938,950","759,269","759,269"
Beverly city,2020,"8,003,742","10,069,446","687,125","687,125"
Blairstown township,2015,"28,769,588","45,188,147",NDA,0
Blairstown township,2020,"28,403,307","43,371,905",NDA,0
Bloomfield township,2015,"116,532,042","225,114,132","13,693,302","13,693,302"
Bloomfield township,2020,"123,275,028","224,031,014","12,774,892","12,774,892"
Bloomingdale borough,2015,"128,934","128,934","2,385,158","2,385,158"
Bloomingdale borough,2020,"175,673","175,673","2,158,695","2,158,695"
Bloomsbury borough,2020,"3,630,511","7,232,045","107,681","107,681"
Bloomsbury borough,2015,"3,900,673","8,306,704","51,271","51,271"
Bogota borough,2015,"20,180,719","30,509,427","2,409,820","2,409,820"
Bogota borough,2020,"20,403,358","29,215,711","2,162,510","2,162,510"
Boonton Town,2015,"24,803,841","53,343,641","2,842,916","2,842,916"
Boonton Town,2020,"26,167,405","50,843,974","2,701,248","2,701,248"
Boonton township,2015,"22,104,496","48,070,772","752,334","752,334"
Boonton township,2020,"22,190,886","45,250,132","734,842","734,842"
Bordentown city,2015,"12,517,500","25,970,095","1,161,512","1,161,512"
Bordentown city,2020,"12,673,725","20,515,865","1,027,156","1,027,156"
Bordentown township,2015,"37,986,679","85,765,919","3,158,929","3,158,929"
Bordentown township,2020,"36,806,227","94,555,654","2,744,360","2,744,360"
Bound Brook borough,2015,"26,391,723","52,965,281","2,955,226","2,955,226"
Bound Brook borough,2020,"27,469,123","52,145,582","2,611,304","2,611,304"
Bradley Beach borough,2015,"16,361,855","25,035,451","1,670,301","1,670,301"
Bradley Beach borough,2020,"16,889,442","24,411,923","1,455,566","1,455,566"
Branchburg township,2015,"59,621,102","350,521,088","5,537,441","5,537,441"
Branchburg township,2020,"58,816,849","305,546,200","5,138,791","5,138,791"
Branchville borough,2020,"4,019,116","9,114,455",NDA,0
Branchville borough,2015,"3,646,803","14,843,880",NDA,0
Brick township,2015,"305,110,883","503,187,817","21,255,519","21,255,519"
Brick township,2020,"295,496,332","468,717,154","19,402,922","19,402,922"
Bridgeton city,2015,"127,618,518","127,618,518","3,128,259","3,128,259"
Bridgeton city,2020,"114,219,742","114,219,742","2,991,417","2,991,417"
Bridgewater township,2015,"156,222,979","598,499,729","16,523,673","16,523,673"
Bridgewater township,2020,"152,105,517","561,534,061","14,642,528","14,642,528"
Brielle borough,2020,"26,558,818","33,530,087","21,859,132","21,859,132"
Brielle borough,2015,"26,111,939","35,144,743","2,259,372","2,259,372"
Brigantine city,2015,"61,141,153","61,141,153","4,277,053","4,277,053"
Brigantine city,2020,"57,919,246","57,919,246","3,568,762","3,568,762"
Brooklawn borough,2015,"5,705,199","16,681,303","468,625","468,625"
Brooklawn borough,2020,"5,517,468","14,491,053","427,997","427,997"
Buena borough,2015,"15,399,801","15,399,801","1,179,586","1,179,586"
Buena borough,2020,"13,150,015","13,150,015","1,034,123","1,034,123"
Buena Vista township,2015,"38,203,619","38,203,619","1,316,723","1,316,723"
Buena Vista township,2020,"33,355,594","33,355,594","1,252,180","1,252,180"
Burlington city,2015,"29,667,394","81,600,311","2,967,185","2,967,185"
Burlington city,2020,"29,894,507","81,227,071","2,558,025","2,558,025"
Burlington township,2015,"74,964,199","197,071,157","6,402,371","6,402,371"
Burlington township,2020,"71,141,020","171,257,876","5,607,920","5,607,920"
Butler borough,2015,"8,487","1,593,022","2,763,970","2,763,970"
Butler borough,2020,"12,085","1,173,863","2,544,946","2,544,946"
Byram township,2015,"36,589,648","51,210,044",NDA,0
Byram township,2020,"35,964,148","48,961,877",NDA,0
Caldwell borough,2015,"21,956,248","48,441,713","2,528,116","2,528,116"
Caldwell borough,2020,"22,066,922","44,713,271","2,266,946","2,266,946"
Califon borough,2020,"4,739,121","8,512,396","271,103","271,103"
Califon borough,2015,"4,694,265","9,107,541","145,285","145,285"
Camden city,2015,"155,789,502","649,496,638","17,270,701","17,270,701"
Camden city,2020,"162,633,958","619,406,608","14,285,494","14,285,494"
Cape May City,2015,"32,753,952","32,753,952","1,888,078","1,888,078"
Cape May City,2020,"31,399,800","31,399,800","1,536,500","1,536,500"
Cape May Point borough,2020,"4,397,526","4,397,526","147,583","147,583"
Cape May Point borough,2015,"4,478,744","4,478,744","130,273","130,273"
Carlstadt borough,2015,"17,610,778","422,823,637","2,086,828","2,086,828"
Carlstadt borough,2020,"16,624,547","392,235,919","1,700,202","1,700,202"
Carneys Point township,2015,"21,773,671","21,773,671","1,435,276","1,435,276"
Carneys Point township,2020,"20,422,729","20,422,729","1,136,659","1,136,659"
Carteret borough,2020,"59,253,127","329,102,904","8,707,081","8,707,081"
Carteret borough,2015,"59,610,310","300,202,376","4,711,201","4,711,201"
Cedar Grove township,2015,"43,753,318","88,117,909","5,087,020","5,087,020"
Cedar Grove township,2020,"44,207,263","83,483,343","4,470,894","4,470,894"
Chatham borough,2015,"30,330,190","56,226,319","3,646,908","3,646,908"
Chatham borough,2020,"30,055,783","50,486,148","3,240,315","3,240,315"
Chatham township,2015,"46,985,969","68,870,382","4,571,519","4,571,519"
Chatham township,2020,"45,795,151","64,520,309","4,288,658","4,288,658"
Cherry Hill township,2015,"269,192,755","709,418,686","22,906,191","22,906,191"
Cherry Hill township,2020,"257,980,271","629,783,160","19,472,464","19,472,464"
Chesilhurst borough,2015,"6,401,082","6,401,082","348,848","348,848"
Chesilhurst borough,2020,"5,681,425","5,681,425","302,546","302,546"
Chester borough,2015,"7,608,932","28,695,707","904,727","904,727"
Chester borough,2020,"7,528,755","25,626,760","832,897","832,897"
Chester township,2015,"44,342,662","57,024,769","3,172,924","3,172,924"
Chester township,2020,"42,635,686","54,342,785","3,095,713","3,095,713"
Chesterfield township,2020,"22,540,581","55,170,072","1,321,408","1,321,408"
Chesterfield township,2015,"21,307,038","73,030,916","1,249,011","1,249,011"
Cinnaminson township,2015,"60,713,656","132,853,132","5,159,213","5,159,213"
Cinnaminson township,2020,"59,762,572","125,968,878","4,578,067","4,578,067"
City of Orange township,2015,"57,734,737","136,389,651","6,663,623","6,663,623"
City of Orange township,2020,"61,582,082","128,658,849","6,343,106","6,343,106"
Clark township,2020,"52,237,069","127,675,289","7,222,387","7,222,387"
Clark township,2015,"52,336,100","121,771,993","4,171,841","4,171,841"
Clayton borough,2015,"29,559,360","29,559,360","2,044,303","2,044,303"
Clayton borough,2020,"27,342,825","27,342,825","1,840,588","1,840,588"
Clementon borough,2015,"50,287,214","50,287,214","1,029,852","1,029,852"
Clementon borough,2020,"46,945,581","46,945,581","958,867","958,867"
Cliffside Park borough,2015,"71,119,186","116,823,585","4,963,886","4,963,886"
Cliffside Park borough,2020,"71,514,491","115,869,271","4,682,480","4,682,480"
Clifton city,2015,"212,997,437","618,980,905","26,589,246","26,589,246"
Clifton city,2020,"211,063,336","630,089,931","23,580,958","23,580,958"
Clinton town,2020,"11,737,625","21,852,773","1,026,766","1,026,766"
Clinton town,2015,"11,512,299","24,570,710","551,285","551,285"
Clinton township,2020,"55,820,625","129,740,434","4,002,072","4,002,072"
Clinton township,2015,"56,683,153","132,608,128","2,242,923","2,242,923"
Closter borough,2015,"33,575,319","56,466,741","4,355,936","4,355,936"
Closter borough,2020,"32,715,501","55,077,245","3,929,154","3,929,154"
Collingswood borough,2015,"38,981,863","76,047,397","3,644,516","3,644,516"
Collingswood borough,2020,"39,911,410","72,652,457","3,188,811","3,188,811"
Colts Neck township,2015,"68,050,335","102,116,861","5,344,195","5,344,195"
Colts Neck township,2020,"66,470,045","95,906,894","5,228,256","5,228,256"
Commercial township,2015,"7,693,997","7,693,997","902,537","902,537"
Commercial township,2020,"6,200,782","6,200,782","735,175","735,175"
Corbin City city,2015,"2,515,565","2,515,565","34,507","34,507"
Corbin City city,2020,"2,364,607","2,364,607","34,156","34,156"
Cranbury township,2015,"17,546,494","121,979,069","1,537,531","1,537,531"
Cranbury township,2020,"17,406,143","132,758,826","1,415,131","1,415,131"
Cranford township,2020,"73,544,298","178,884,852","10,438,711","10,438,711"
Cranford township,2015,"72,590,172","191,029,067","6,626,148","6,626,148"
Cresskill borough,2015,"35,036,638","52,220,962","4,483,379","4,483,379"
Cresskill borough,2020,"35,614,827","49,575,191","4,080,426","4,080,426"
Deal borough,2020,"21,013,293","25,593,404","1,621,044","1,621,044"
Deal borough,2015,"17,267,849","21,925,160","1,401,864","1,401,864"
Deerfield township,2020,"8,813,586","8,813,586","396,620","396,620"
Deerfield township,2015,"9,506,747","9,506,747","383,479","383,479"
Delanco township,2015,"17,545,485","28,455,976","1,399,572","1,399,572"
Delanco township,2020,"16,924,959","30,606,810","1,225,296","1,225,296"
Delaware township,2020,"25,238,171","29,487,815","226,448","226,448"
Delaware township,2015,"25,178,156","30,193,651","120,387","120,387"
Delran township,2015,"59,093,475","125,407,366","4,143,602","4,143,602"
Delran township,2020,"57,667,875","115,351,746","3,649,768","3,649,768"
Demarest borough,2015,"22,684,275","22,684,275","2,997,564","2,997,564"
Demarest borough,2020,"22,685,245","28,415,874","2,736,814","2,736,814"
Dennis township,2015,"29,732,111","29,732,111","2,147,343","2,147,343"
Dennis township,2020,"25,412,476","25,412,476","1,947,206","1,947,206"
Denville township,2015,"64,099,618","159,639,623","5,336,952","5,336,952"
Denville township,2020,"63,239,632","143,230,346","5,113,230","5,113,230"
Deptford township,2015,"91,532,163","202,199,195","8,098,199","8,098,199"
Deptford township,2020,"87,372,405","167,836,641","7,087,646","7,087,646"
Dover town,2015,"40,585,425","101,902,364","3,923,249","3,923,249"
Dover town,2020,"40,103,884","95,981,117","3,667,119","3,667,119"
Downe township,2015,"7,041,354","7,041,354","216,499","216,499"
Downe township,2020,"5,769,234","5,769,234","169,757","169,757"
Dumont borough,2015,"49,757,054","67,468,480","5,766,430","5,766,430"
Dumont borough,2020,"48,684,542","64,104,071","4,974,825","4,974,825"
Dunellen borough,2015,"18,941,024","30,178,062","2,083,251","2,083,251"
Dunellen borough,2020,"18,891,423","27,940,622","1,942,644","1,942,644"
Eagleswood township,2015,"9,032,179","9,032,179","510,312","510,312"
Eagleswood township,2020,"8,289,590","8,289,590","474,629","474,629"
East Amwell township,2020,"20,260,832","25,292,431","364,389","364,389"
East Amwell township,2015,"20,817,183","26,374,114","199,315","199,315"
East Brunswick township,2015,"145,986,052","370,481,702","15,706,544","15,706,544"
East Brunswick township,2020,"143,494,401","335,099,374","13,736,175","13,736,175"
East Greenwich township,2015,"41,015,708","41,015,708","2,557,245","2,557,245"
East Greenwich township,2020,"40,628,163","40,628,163","2,464,531","2,464,531"
East Hanover township,2015,"41,273,659","263,223,980","5,325,200","5,325,200"
East Hanover township,2020,"42,018,141","223,995,867","4,641,869","4,641,869"
East Newark borough,2015,"4,470,778","7,621,922","552,006","552,006"
East Newark borough,2020,"4,418,829","6,872,575","507,386","507,386"
East Orange city,2015,"121,008,012","288,612,982","14,287,201","14,287,201"
East Orange city,2020,"132,012,143","280,335,801","13,555,519","13,555,519"
East Rutherford borough,2015,"26,596,901","223,194,930","2,281,443","2,281,443"
East Rutherford borough,2020,"26,629,716","255,818,486","2,035,462","2,035,462"
East Windsor township,2015,"81,700,296","202,050,756","6,475,826","6,475,826"
East Windsor township,2020,"79,118,574","184,517,956","5,733,426","5,733,426"
Eastampton township,2015,"21,266,485","28,688,975","1,349,632","1,349,632"
Eastampton township,2020,"21,978,386","28,451,644","1,257,029","1,257,029"
Eatontown borough,2015,"48,465,270","201,540,484","2,745,590","2,745,590"
Eatontown borough,2020,"47,039,450","159,042,139","2,223,638","2,223,638"
Edgewater borough,2015,"44,708,879","118,953,502","1,830,903","1,830,903"
Edgewater borough,2020,"46,684,653","111,380,767","1,774,366","1,774,366"
Edgewater Park township,2015,"27,868,306","50,249,524","2,354,349","2,354,349"
Edgewater Park township,2020,"27,006,147","45,631,554","2,058,095","2,058,095"
Edison township,2020,"251,745,503","1,074,115,114","34,070,072","34,070,072"
Edison township,2015,"259,980,328","1,044,200,094","25,320,158","25,320,158"
Egg Harbor City city,2015,"19,545,943","19,545,943","1,037,594","1,037,594"
Egg Harbor City city,2020,"18,141,195","18,141,195","986,319","986,319"
Egg Harbor township,2015,"117,546,600","117,546,600","12,049,200","12,049,200"
Egg Harbor township,2020,"104,295,333","104,295,333","10,690,863","10,690,863"
Elizabeth city,2020,"239,561,169","787,234,153","40,212,953","40,212,953"
Elizabeth city,2015,"231,590,862","811,287,839","22,749,020","22,749,020"
Elk township,2020,"3,908,562","3,908,562","584,325","584,325"
Elk township,2015,"4,346,611","4,346,611","436,213","436,213"
Elmer borough,2015,"32,389,921","32,389,921","323,139","323,139"
Elmer borough,2020,"28,846,477","28,846,477","295,435","295,435"
Elmwood Park borough,2015,"52,286,546","292,918,736","5,470,553","5,470,553"
Elmwood Park borough,2020,"51,981,410","209,533,475","5,062,789","5,062,789"
Elsinboro township,2020,"263,178","263,178",329,329
Elsinboro township,2015,"235,813","235,813",NDA,0
Emerson borough,2015,"25,457,003","46,894,362","2,895,789","2,895,789"
Emerson borough,2020,"25,018,646","42,914,323","2,581,162","2,581,162"
Englewood city,2015,"88,804,191","252,010,718","9,477,341","9,477,341"
Englewood city,2020,"90,292,049","230,999,645","8,603,392","8,603,392"
Englewood Cliffs borough,2015,"26,151,777","105,212,363","3,746,577","3,746,577"
Englewood Cliffs borough,2020,"26,000,926","94,974,988","3,417,754","3,417,754"
Englishtown borough,2015,"9,595,789","20,452,845","705,228","705,228"
Englishtown borough,2020,9013515,"18,911,599","670,241","670,241"
Essex Fells borough,2015,"12,885,634","16,960,171","1,727,225","1,727,225"
Essex Fells borough,2020,"13,033,365","16,647,780","1,588,449","1,588,449"
Estell Manor city,2015,"7,897,619","7,897,619","48,231","48,231"
Estell Manor city,2020,"6,798,875","6,798,875","45,540","45,540"
Evesham township,2015,"181,417,853","362,237,860","12,500,106","12,500,106"
Evesham township,2020,"172,304,714","327,005,994","10,907,970","10,907,970"
Ewing township,2015,"106,275,418","364,177,776","9,349,447","9,349,447"
Ewing township,2020,"108,731,239","340,966,284","8,601,385","8,601,385"
Fair Haven borough,2015,"27,079,025","34,350,358","2,405,002","2,405,002"
Fair Haven borough,2020,"26,695,625","32,788,006","2,353,221","2,353,221"
Fair Lawn borough,2015,"97,497,460","248,484,675","11,569,662","11,569,662"
Fair Lawn borough,2020,"97,155,612","221,458,501","10,464,974","10,464,974"
Fairfield township,2015,"31,359,443","218,621,421","3,464,039","3,464,039"
Fairfield township,2020,"30,864,759","197,464,402","3,237,974","3,237,974"
Fairfield township,2015,"5,156,965","5,156,965","411,028","411,028"
Fairfield township,2020,"4,043,244","4,043,244","394,346","394,346"
Fairview borough,2015,"28,138,027","62,933,117","2,958,036","2,958,036"
Fairview borough,2020,"28,442,584","57,719,341","2,811,098","2,811,098"
Fanwood borough,2020,"24,562,437","31,094,589","3,351,781","3,351,781"
Fanwood borough,2015,"24,222,724","33,010,100","2,163,820","2,163,820"
Far Hills borough,2015,"7,821,899","11,530,225","481,897","481,897"
Far Hills borough,2020,"7,567,188","10,051,400","468,253","468,253"
Farmingdale borough,2015,"5,501,494","12,307,480","436,032","436,032"
Farmingdale borough,2020,"5,562,784","11,609,576","402,120","402,120"
Fieldsboro borough,2015,"2,013,705","18,301,077","157,918","157,918"
Fieldsboro borough,2020,"1,937,601","18,571,629","142,258","142,258"
Flemington borough,2020,"16,686,354","47,738,919","1,472,348","1,472,348"
Flemington borough,2015,"15,380,408","52,046,232","796,321","796,321"
Florence township,2015,"43,163,959","121,590,292","3,452,330","3,452,330"
Florence township,2020,"41,979,936","123,194,391","2,967,692","2,967,692"
Florham Park borough,2015,"46,067,595","207,758,363","4,708,390","4,708,390"
Florham Park borough,2020,"44,216,199","190,463,189","4,430,454","4,430,454"
Folsom borough,2020,"4,042,155","4,042,155","296,220","296,220"
Folsom borough,2015,"4,578,456","4,578,456","256,520","256,520"
Fort Lee borough,2015,"91,092,048","288,929,156","6,233,738","6,233,738"
Fort Lee borough,2020,"96,024,894","276,706,244","5,751,407","5,751,407"
Frankford township,2020,"17,376,794","27,795,013","303,672","303,672"
Frankford township,2015,"16,324,576","27,481,343","68,605","68,605"
Franklin borough,2020,"18,509,943","38,107,012","309,015","309,015"
Franklin borough,2015,"20,179,586","43,054,935","143,320","143,320"
Franklin Lakes borough,2015,"70,384,860","128,992,628","9,041,408","9,041,408"
Franklin Lakes borough,2020,"70,940,789","115,620,983","8,598,490","8,598,490"
Franklin township,2015,"198,999,214","808,503,721","20,288,012","20,288,012"
Franklin township,2020,"198,418,036","849,556,497","18,463,989","18,463,989"
Franklin township,2020,"52,926,324","52,926,324","2,468,057","2,468,057"
Franklin township,2015,"59,887,127","59,887,127","2,284,473","2,284,473"
Franklin township,2020,"13,736,408","22,605,780","749,063","749,063"
Franklin township,2015,"14,273,284","23,907,674","143,320","143,320"
Franklin township,2020,"16,192,125","29,368,759","70,858","70,858"
Franklin township,2015,"15,853,563","31,432,359","36,511","36,511"
Fredon township,2020,"15,305,172","19,849,531","127,633","127,633"
Fredon township,2015,"15,529,369","20,646,764","77,919","77,919"
Freehold borough,2015,"28,574,328","131,748,531","2,712,823","2,712,823"
Freehold borough,2020,"28,428,008","123,657,207","2,688,144","2,688,144"
Freehold township,2015,"140,807,249","392,403,840","10,981,187","10,981,187"
Freehold township,2020,"136,650,955","327,326,624","10,893,370","10,893,370"
Frelinghuysen township,2015,"10,127,376","13,530,784",NDA,0
Frelinghuysen township,2020,"9,844,435","13,100,321",NDA,0
Frenchtown borough,2020,"6,160,017","10,102,080","273,677","273,677"
Frenchtown borough,2015,"6,292,627","11,199,171","108,000","108,000"
Galloway township,2015,"123,763,842","123,763,842","9,420,115","9,420,115"
Galloway township,2020,"109,337,034","109,337,034","8,469,351","8,469,351"
Garfield city,2015,"65,497,517","137,124,756","8,069,022","8,069,022"
Garfield city,2020,"66,340,735","126,999,416","7,481,107","7,481,107"
Garwood borough,2020,"12,873,624","29,569,523","1,801,131","1,801,131"
Garwood borough,2015,"13,004,198","38,683,010","1,157,604","1,157,604"
Gibbsboro borough,2015,"8,827,744","8,827,744","745,460","745,460"
Gibbsboro borough,2020,"8,142,819","8,142,819","640,332","640,332"
Glassboro borough,2015,"60,054,795","60,054,795","4,306,391","4,306,391"
Glassboro borough,2020,"57,372,803","57,372,803","3,874,753","3,874,753"
Glen Gardner borough,2020,"6,337,984","8,965,830","602,414","602,414"
Glen Gardner borough,2015,"6,422,378","8,935,962","335,456","335,456"
Glen Ridge borough,2015,"26,384,708","56,085,645","3,554,908","3,554,908"
Glen Ridge borough,2020,"26,688,598","54,722,422","3,207,202","3,207,202"
Glen Rock borough,2015,"42,447,563","70,944,234","5,444,279","5,444,279"
Glen Rock borough,2020,"41,931,415","64,013,571","4,836,899","4,836,899"
Gloucester City city,2015,"34,068,289","77,826,598","2,712,389","2,712,389"
Gloucester City city,2020,"35,056,337","74,224,184","2,528,529","2,528,529"
Gloucester township,2015,"184,076,889","277,741,117","15,253,465","15,253,465"
Gloucester township,2020,"171,364,714","255,780,256","13,246,507","13,246,507"
Green Brook township,2015,"26,388,884","57,701,361","2,854,754","2,854,754"
Green Brook township,2020,"26,042,799","52,468,960","2,500,289","2,500,289"
Green township,2015,"19,167,313","27,302,410",NDA,0
Green township,2020,"18,985,613","27,476,557",NDA,0
Greenwich township,2020,"20,841,472","45,327,352","2,572,650","2,572,650"
Greenwich township,2015,"20,647,153","48,723,258","1,470,186","1,470,186"
Greenwich township,2015,"3,571,116","3,571,116","939,007","939,007"
Greenwich township,2020,"3,208,779","3,208,779","895,240","895,240"
Greenwich township,2015,"18,635,785","18,635,785","377,539","377,539"
Greenwich township,2020,"17,081,101","17,081,101","358,621","358,621"
Guttenberg town,2015,"17,618,501","51,632,295","1,486,417","1,486,417"
Guttenberg town,2020,"17,563,886","48,491,766","1,335,734","1,335,734"
Hackensack city,2015,"118,729,590","468,287,802","6,553,956","6,553,956"
Hackensack city,2020,"116,386,412","429,048,809","5,794,004","5,794,004"
Hackettstown town,2020,"30,939,950","75,706,908","2,867,249","2,867,249"
Hackettstown town,2015,"31,491,276","83,529,775","1,720,946","1,720,946"
Haddon Heights borough,2015,"26,895,040","41,757,350","2,439,862","2,439,862"
Haddon Heights borough,2020,"26,982,608","40,789,057","2,146,940","2,146,940"
Haddon township,2015,"46,962,369","121,533,766","4,165,478","4,165,478"
Haddon township,2020,"48,397,195","115,117,455","3,677,553","3,677,553"
Haddonfield borough,2015,"51,247,525","78,812,498","4,684,194","4,684,194"
Haddonfield borough,2020,"51,455,792","72,684,902","4,114,067","4,114,067"
Hainesport township,2015,"25,880,154","46,382,170","1,656,555","1,656,555"
Hainesport township,2020,"24,555,397","39,425,960","1,470,871","1,470,871"
Haledon borough,2015,"19,028,151","44,375,449","3,316,035","3,316,035"
Haledon borough,2020,"19,430,693","42,604,690","2,373,194","2,373,194"
Hamburg borough,2020,"14,299,751","23,885,090","1,053,763","1,053,763"
Hamburg borough,2015,"15,139,873","26,162,487","560,250","560,250"
Hamilton township,2015,"295,575,818","693,522,122","25,294,705","25,294,705"
Hamilton township,2020,"286,678,779","619,394,592","22,658,831","22,658,831"
Hamilton township,2015,"138,209,845","138,209,845","5,591,796","5,591,796"
Hamilton township,2020,"125,215,178","125,215,178","5,105,559","5,105,559"
Hammonton town,2015,"71,835,407","71,835,407","3,524,322","3,524,322"
Hammonton town,2020,"62,908,143","62,908,143","3,191,593","3,191,593"
Hampton borough,2020,"6,373,387","9,057,388","200,748","200,748"
Hampton borough,2015,"6,230,038","9,606,479","79,532","79,532"
Hampton township,2020,"21,580,499","37,379,239","535,820","535,820"
Hampton township,2015,"21,942,403","41,917,309","327,307","327,307"
Hanover township,2015,"52,270,640","265,190,953","5,718,500","5,718,500"
Hanover township,2020,"51,653,239","239,473,259","5,187,422","5,187,422"
Harding township,2015,"34,235,195","54,212,615","3,319,514","3,319,514"
Harding township,2020,"33,158,003","50,914,298","3,301,855","3,301,855"
Hardwick township,2015,"7,325,332","9,706,199",NDA,0
Hardwick township,2020,"7,088,504","9,082,797",NDA,0
Hardyston township,2020,"30,681,457","45,263,392","2,405,687","2,405,687"
Hardyston township,2015,"30,798,349","54,546,977","1,305,071","1,305,071"
Harmony township,2020,"11,562,227","15,401,433","1,553","1,553"
Harmony township,2015,"11,378,840","14,953,604",NDA,0
Harrington Park borough,2015,"18,146,280","18,146,280","2,477,634","2,477,634"
Harrington Park borough,2020,"17,786,479","21,411,924","2,142,799","2,142,799"
Harrison town,2015,"28,024,057","91,373,018","3,326,462","3,326,462"
Harrison town,2020,"39,851,191","105,532,784","3,042,170","3,042,170"
Harrison township,2015,"70,748,169","70,748,169","4,668,077","4,668,077"
Harrison township,2020,"65,524,260","65,524,260","4,098,976","4,098,976"
Harvey Cedars borough,2020,"9,820,313","9,820,313","5,052,626","5,052,626"
Harvey Cedars borough,2015,"8,269,115","8,269,115","472,576","472,576"
Hasbrouck Heights borough,2015,"37,129,668","74,639,683","3,980,497","3,980,497"
Hasbrouck Heights borough,2020,"35,705,252","65,476,261","3,481,277","3,481,277"
Haworth borough,2015,"13,969,048","69,259,473","1,973,447","1,973,447"
Haworth borough,2020,"14,239,381","67,070,741","1,763,748","1,763,748"
Hawthorne borough,2015,"57,403,018","114,964,355","6,905,040","6,905,040"
Hawthorne borough,2020,"57,136,849","104,719,146","6,342,351","6,342,351"
Hazlet township,2015,"64,989,341","126,818,501","5,531,426","5,531,426"
Hazlet township,2020,"59,736,470","109,546,330","1,593,113","1,593,113"
Helmetta borough,2015,"6,938,141","8,480,839","701,768","701,768"
Helmetta borough,2020,"8,026,745","9,788,202","625,562","625,562"
Hi-Nella borough,2015,"2,161,108","2,940,528","94,611","94,611"
Hi-Nella borough,2020,"2,442,955","3,040,227","81,705","81,705"
High Bridge borough,2020,"15,776,251","28,544,087","679,732","679,732"
High Bridge borough,2015,"15,727,265","29,718,430","317,222","317,222"
Highland Park borough,2015,"36,363,136","60,538,196","3,339,663","3,339,663"
Highland Park borough,2020,"38,498,680","60,067,246","3,047,068","3,047,068"
Highlands borough,2015,"18,833,032","30,720,047","1,312,304","1,312,304"
Highlands borough,2020,"19,221,447","31,624,427","820,440","820,440"
Hightstown borough,2015,"15,846,958","42,873,572","1,804,482","1,804,482"
Hightstown borough,2020,"15,530,882","40,479,282","1,601,618","1,601,618"
Hillsborough township,2015,"151,345,602","281,944,960","11,329,424","11,329,424"
Hillsborough township,2020,"148,904,607","278,206,651","10,753,434","10,753,434"
Hillsdale borough,2015,"36,748,033","59,818,542","4,455,288","4,455,288"
Hillsdale borough,2020,"36,504,705","54,249,404","4,014,421","4,014,421"
Hillside township,2020,"52,768,282","141,334,765","10,640,132","10,640,132"
Hillside township,2015,"51,311,701","130,399,085","6,010,523","6,010,523"
Ho-Ho-Kus borough,2015,"19,975,829","27,639,089","2,552,274","2,552,274"
Ho-Ho-Kus borough,2020,"19,837,485","26,454,560","2,317,423","2,317,423"
Hoboken city,2015,"157,234,366","410,165,695","5,909,888","5,909,888"
Hoboken city,2020,"149,222,929","377,945,339","4,878,155","4,878,155"
Holland township,2020,"24,256,423","32,319,737","308,585","308,585"
Holland township,2015,"24,625,169","32,980,873","175,658","175,658"
Holmdel township,2015,"81,460,919","180,517,118","7,493,029","7,493,029"
Holmdel township,2020,"80,733,005","180,221,082","7,239,315","7,239,315"
Hopatcong borough,2020,"64,287,345","73,705,774",NDA,0
Hopatcong borough,2015,"61,531,092","72,079,820",NDA,0
Hope township,2015,"9,055,446","12,359,197",NDA,0
Hope township,2020,"8,711,852","11,357,904",NDA,0
Hopewell borough,2020,"6,683,983","20,123,204","975,894","975,894"
Hopewell borough,2015,"6,805,148","22,549,326","537,411","537,411"
Hopewell township,2020,"78,726,819","220,836,898","6,548,982","6,548,982"
Hopewell township,2015,"80,700,433","254,033,701","3,488,829","3,488,829"
Hopewell township,2020,"502,834","502,834","299,239","299,239"
Hopewell township,2015,"645,236","645,236","276,194","276,194"
Howell township,2015,"197,639,962","330,392,116","13,978,164","13,978,164"
Howell township,2020,"188,558,323","305,186,915","13,708,113","13,708,113"
Independence township,2020,"21,326,292","26,833,022","1,237,760","1,237,760"
Independence township,2015,"23,223,918","29,533,368","761,223","761,223"
Interlaken borough,2015,"4,471,627","4,704,189","577,687","577,687"
Interlaken borough,2020,"4,657,451","4,823,329","520,919","520,919"
Irvington township,2015,"97,504,442","204,373,794","13,602,602","13,602,602"
Irvington township,2020,"104,464,654","203,490,337","12,994,294","12,994,294"
Island Heights borough,2015,"76,145,690","238,578,875","726,167","726,167"
Island Heights borough,2020,"7,587,457","9,546,501","644,466","644,466"
Jackson township,2015,"35,895,309","49,111,863","16,389,566","16,389,566"
Jackson township,2020,"213,231,739","303,994,527","15,435,963","15,435,963"
Jamesburg borough,2015,"21,933,047","33,911,362","1,571,930","1,571,930"
Jamesburg borough,2020,"20,836,623","32,195,970","1,418,462","1,418,462"
Jefferson township,2020,"85,288,971","118,370,819","1,439,617","1,439,617"
Jefferson township,2015,"83,318,499","121,569,124","1,333,836","1,333,836"
Jersey City city,2015,"545,174,185","2,207,782,715","48,134,258","48,134,258"
Jersey City city,2020,"616,521,556","2,057,944,453","43,116,336","43,116,336"
Keansburg borough,2020,"26,822,731","42,390,272","8,984,516","8,984,516"
Keansburg borough,2015,"25,241,449","41,953,829","2,281,519","2,281,519"
Kearny town,2015,"78,716,893","347,810,814","10,602,011","10,602,011"
Kearny town,2020,"81,453,300","400,228,057","9,720,249","9,720,249"
Kenilworth borough,2020,"23,383,711","72,463,235","3,398,135","3,398,135"
Kenilworth borough,2015,"24,385,015","82,344,680","2,159,884","2,159,884"
Keyport borough,2015,"23,142,165","47,284,475","1,895,061","1,895,061"
Keyport borough,2020,"21,977,658","42,867,122","1,705,627","1,705,627"
Kingwood township,2020,"18,956,257","27,506,923","82,397","82,397"
Kingwood township,2015,"18,624,970","28,698,337","41,612","41,612"
Kinnelon borough,2020,"1,049,567","1,125,712","5,816,278","5,816,278"
Kinnelon borough,2015,"1,151,915","1,210,531","3,353,052","3,353,052"
Knowlton township,2015,"14,630,689","22,555,425",NDA,0
Knowlton township,2020,"13,777,675","21,274,213",NDA,0
Lacey township,2015,"182,368,558","183,573,530","9,401,262","9,401,262"
Lacey township,2020,"114,784,021","192,968,624","1,330,958","1,330,958"
Lafayette township,2020,"6,997,668","14,150,808","41,848","41,848"
Lafayette township,2015,"7,264,905","15,067,102","16,553","16,553"
Lake Como borough,2015,"5,754,515","8,930,286","622,151","622,151"
Lake Como borough,2020,"5,788,788","8,386,499","555,386","555,386"
Lakehurst borough,2020,"8,258,947","20,572,912","1,266,248","1,266,248"
Lakehurst borough,2015,"7,979,261","20,405,214","1,192,387","1,192,387"
Lakewood township,2020,"339,012,475","650,921,608","19,278,165","19,278,165"
Lakewood township,2015,"327,232,333","643,150,183","16,923,658","16,923,658"
Lambertville city,2020,"17,535,011","33,280,717","1,810,611","1,810,611"
Lambertville city,2015,"17,578,688","38,666,375","1,002,574","1,002,574"
Laurel Springs borough,2015,"12,223,759","12,223,759","655,069","655,069"
Laurel Springs borough,2020,"11,365,440","11,365,440","570,343","570,343"
Lavallette borough,2015,"5,272,375","5,655,901","2,229,815","2,229,815"
Lavallette borough,2020,"6,251,483","6,626,632","849,887","849,887"
Lawnside borough,2015,"10,304,108","28,449,531","791,159","791,159"
Lawnside borough,2020,"10,086,898","26,664,394","708,517","708,517"
Lawrence township,2015,"106,134,154","333,731,786","9,648,317","9,648,317"
Lawrence township,2020,"102,989,913","316,754,782","8,900,888","8,900,888"
Lawrence township,2020,"9,466,663","9,466,663","221,063","221,063"
Lawrence township,2015,"11,565,514","11,565,514","191,019","191,019"
Lebanon borough,2020,"5,731,449","13,571,940","597,551","597,551"
Lebanon borough,2015,"5,834,922","14,682,137","329,800","329,800"
Lebanon township,2020,"30,229,996","42,904,048","96,487","96,487"
Lebanon township,2015,"29,408,784","41,846,828","53,380","53,380"
Leonia borough,2015,"24,514,058","51,101,379","3,173,881","3,173,881"
Leonia borough,2020,"24,383,706","44,401,817","2,804,531","2,804,531"
Liberty township,2020,"12,460,893","14,034,141",NDA,0
Liberty township,2015,"12,140,891","14,331,416",NDA,0
Lincoln Park borough,2015,"33,805,901","69,602,349","3,105,850","3,105,850"
Lincoln Park borough,2020,"32,657,886","66,157,007","2,855,360","2,855,360"
Linden city,2020,"99,030,484","477,980,668","16,326,607","16,326,607"
Linden city,2015,"100,469,458","448,634,985","9,148,727","9,148,727"
Lindenwold borough,2015,"66,600,636","66,600,636","2,616,839","2,616,839"
Lindenwold borough,2020,"61,699,263","61,699,263","2,456,488","2,456,488"
Linwood city,2015,"38,695,578","38,695,578","2,755,139","2,755,139"
Linwood city,2020,"35,607,230","35,607,230","2,482,403","2,482,403"
Little Egg Harbor township,2015,"66,455,914","66,455,914","5,294,979","5,294,979"
Little Egg Harbor township,2020,"62,792,211","62,792,211","2,949,341","2,949,341"
Little Falls township,2015,"38,045,791","96,995,005","3,919,842","3,919,842"
Little Falls township,2020,"37,797,328","88,935,048","3,440,318","3,440,318"
Little Ferry borough,2015,"30,689,277","96,536,876","2,491,763","2,491,763"
Little Ferry borough,2020,"29,071,639","95,209,480","2,191,795","2,191,795"
Little Silver borough,2015,"31,763,869","49,998,333","2,702,585","2,702,585"
Little Silver borough,2020,"30,037,149","44,982,141","2,584,954","2,584,954"
Livingston township,2015,"119,407,456","325,817,835","14,602,242","14,602,242"
Livingston township,2020,"118,698,122","293,397,133","12,933,913","12,933,913"
Loch Arbour village,2020,"2,068,952","2,322,919","200,480","200,480"
Loch Arbour village,2015,"1,525,547","1,717,580","191,106","191,106"
Lodi borough,2015,"62,081,888","124,586,876","5,602,865","5,602,865"
Lodi borough,2020,"60,495,640","114,292,211","5,056,065","5,056,065"
Logan township,2015,"3,677,535","3,677,535","1,007,074","1,007,074"
Logan township,2020,"3,309,632","3,309,632","890,274","890,274"
Long Beach township,2020,"53,703,732","53,703,732","7,763,663","7,763,663"
Long Beach township,2015,"46,101,858","46,101,858","2,239,290","2,239,290"
Long Branch city,2015,"95,309,550","200,905,094","8,480,990","8,480,990"
Long Branch city,2020,"99,979,888","199,938,816","910,134","910,134"
Long Hill township,2015,"35,461,354","60,701,214","3,375,019","3,375,019"
Long Hill township,2020,"34,575,241","56,903,293","3,091,600","3,091,600"
Longport borough,2015,"12,927,822","12,927,822","1,252,845","1,252,845"
Longport borough,2020,"14,312,649","14,312,649","1,052,915","1,052,915"
Lopatcong township,2020,"30,271,317","53,888,245","3,289,589","3,289,589"
Lopatcong township,2015,"27,420,111","50,183,304","1,785,147","1,785,147"
Lower Alloways Creek township,2015,"2,574,348","2,574,348",NDA,0
Lower Alloways Creek township,2020,"1,979,932","1,979,932",NDA,0
Lower township,2015,"108,074,823","108,074,823","5,141,985","5,141,985"
Lower township,2020,"93,274,001","93,274,001","4,775,768","4,775,768"
Lumberton township,2015,"47,479,227","104,533,780","3,316,695","3,316,695"
Lumberton township,2020,"45,124,854","91,177,020","2,885,662","2,885,662"
Lyndhurst township,2015,"61,380,291","225,675,527","6,436,668","6,436,668"
Lyndhurst township,2020,"62,601,707","204,067,431","5,766,115","5,766,115"
Madison borough,2015,NDA,"13,875","6,345,369","6,345,369"
Madison borough,2020,"8,954","13,154","5,665,058","5,665,058"
Magnolia borough,2015,"13,847,656","22,475,876","1,458,887","1,458,887"
Magnolia borough,2020,"13,359,085","22,780,281","1,259,125","1,259,125"
Mahwah township,2015,"94,637,757","322,553,614","10,974,901","10,974,901"
Mahwah township,2020,"91,132,683","291,397,486","10,226,308","10,226,308"
Manalapan township,2015,"171,974,171","271,350,017","13,977,315","13,977,315"
Manalapan township,2020,"161,107,038","246,399,125","13,513,216","13,513,216"
Manasquan borough,2015,"28,374,238","48,658,626","2,749,715","2,749,715"
Manasquan borough,2020,"30,234,868","47,800,605","2,473,690","2,473,690"
Manchester township,2020,"251,908,471","340,842,222","16,789,084","16,789,084"
Manchester township,2015,"262,507,561","366,640,168","6,597,308","6,597,308"
Mannington township,2015,"5,256,814","5,256,814","56,686","56,686"
Mannington township,2020,"4,366,195","4,366,195","45,954","45,954"
Mansfield township,2015,"36,998,855","57,752,467","4,142,405","4,142,405"
Mansfield township,2020,"34,205,450","53,090,451","2,702,304","2,702,304"
Mansfield township,2020,"25,383,494","72,337,285","1,656,782","1,656,782"
Mansfield township,2015,"25,821,858","76,887,172","1,006,616","1,006,616"
Mantoloking borough,2020,"8,151,233","9,128,007","2,195,887","2,195,887"
Mantoloking borough,2015,"5,137,044","6,080,794","1,349,745","1,349,745"
Mantua township,2015,"126,098,483","126,098,483","4,495,998","4,495,998"
Mantua township,2020,"115,888,272","115,888,272","3,891,988","3,891,988"
Manville borough,2015,"29,076,161","48,324,111","3,078,144","3,078,144"
Manville borough,2020,"28,410,680","44,142,384","2,851,724","2,851,724"
Maple Shade township,2015,"60,910,164","129,600,979","4,158,264","4,158,264"
Maple Shade township,2020,"59,626,616","121,313,432","3,601,299","3,601,299"
Maplewood township,2015,"68,415,956","121,698,476","9,316,223","9,316,223"
Maplewood township,2020,"70,481,261","117,498,803","8,487,769","8,487,769"
Margate City city,2015,"48,512,417","48,512,417","4,852,556","4,852,556"
Margate City city,2020,"48,433,501","48,433,501","3,787,134","3,787,134"
Marlboro township,2015,"179,284,256","269,599,067","16,518,750","16,518,750"
Marlboro township,2020,"169,580,107","247,169,171","16,422,738","16,422,738"
Matawan borough,2015,"37,264,269","65,429,629","3,363,549","3,363,549"
Matawan borough,2020,"36,350,135","60,340,813","2,252,700","2,252,700"
Maurice River township,2015,"10,662,020","10,662,020","360,393","360,393"
Maurice River township,2020,"9,114,905","9,114,905","300,028","300,028"
Maywood borough,2015,"27,942,064","62,836,406","3,045,244","3,045,244"
Maywood borough,2020,"26,874,402","53,027,075","2,692,407","2,692,407"
Medford Lakes borough,2015,"17,250,813","20,216,664","6,639,223","6,639,223"
Medford Lakes borough,2020,"17,111,039","19,891,359","6,061,350","6,061,350"
Medford township,2015,"109,992,617","178,026,593","2,789,557","2,789,557"
Medford township,2020,"104,804,688","104,804,688","2,667,551","2,667,551"
Mendham borough,2015,"25,687,597","40,547,276","2,896,178","2,896,178"
Mendham borough,2020,"24,784,543","38,621,829","2,708,345","2,708,345"
Mendham township,2015,"39,933,987","45,632,873","3,927,573","3,927,573"
Mendham township,2020,"38,530,281","44,173,845","3,742,723","3,742,723"
Merchantville borough,2015,"12,722,062","20,084,010","1,261,361","1,261,361"
Merchantville borough,2020,"12,723,007","18,510,461","1,079,292","1,079,292"
Metuchen borough,2020,"45,415,449","91,590,698","7,947,512","7,947,512"
Metuchen borough,2015,"43,808,471","92,717,739","4,470,549","4,470,549"
Middle township,2015,"90,657,630","90,657,630","4,292,161","4,292,161"
Middle township,2020,"82,574,551","82,574,551","4,095,636","4,095,636"
Middlesex borough,2015,"40,350,605","102,517,710","4,035,584","4,035,584"
Middlesex borough,2020,"39,431,986","89,649,733","3,545,463","3,545,463"
Middletown township,2015,"277,620,020","612,313,452","22,595,483","22,595,483"
Middletown township,2020,"266,446,080","560,493,867","710,947","710,947"
Midland Park borough,2015,"22,634,601","45,142,829","2,856,280","2,856,280"
Midland Park borough,2020,"22,314,782","40,405,661","2,601,586","2,601,586"
Milford borough,2020,"6,244,947","9,133,019","13,134","13,134"
Milford borough,2015,"6,167,844","9,239,394","5,119","5,119"
Millburn township,2015,"96,665,133","243,441,830","11,933,026","11,933,026"
Millburn township,2020,"98,083,755","212,701,774","10,572,403","10,572,403"
Millstone borough,2015,"1,634,765","1,972,758","163,527","163,527"
Millstone borough,2020,"1,690,936","2,049,140","152,212","152,212"
Millstone township,2015,"56,629,661","76,925,859","4,643,888","4,643,888"
Millstone township,2020,"54,929,010","71,612,654","4,602,936","4,602,936"
Milltown borough,2015,"94,856","94,856","2,561,573","2,561,573"
Milltown borough,2020,"100,942","100,942","2,248,181","2,248,181"
Millville city,2015,"120,628,128","120,628,128","6,077,969","6,077,969"
Millville city,2020,"108,463,232","108,463,232","5,359,384","5,359,384"
Mine Hill township,2020,"13,528,475","18,277,458","720,696","720,696"
Mine Hill township,2015,"13,775,653","18,785,641","688,602","688,602"
Monmouth Beach borough,2015,"20,024,897","33,214,124","1,503,156","1,503,156"
Monmouth Beach borough,2020,"21,118,922","33,005,557","1,406,496","1,406,496"
Monroe township,2020,"230,216,875","427,095,098","24,178,587","24,178,587"
Monroe township,2015,"233,500,973","459,300,806","15,628,364","15,628,364"
Monroe township,2015,"140,122,527","140,122,527","9,452,764","9,452,764"
Monroe township,2020,"124,748,972","124,748,972","8,358,685","8,358,685"
Montague township,2020,"19,323,541","24,239,717",NDA,0
Montague township,2015,"18,394,566","20,803,811",NDA,0
Montclair township,2015,"123,354,616","221,989,519","16,557,162","16,557,162"
Montclair township,2020,"126,151,636","209,712,845","14,694,265","14,694,265"
Montgomery township,2015,"86,576,450","168,163,566","8,605,659","8,605,659"
Montgomery township,2020,"87,398,281","153,926,058","7,931,554","7,931,554"
Montvale borough,2015,"32,821,051","135,900,817","3,802,149","3,802,149"
Montvale borough,2020,"33,095,853","111,581,104","3,575,363","3,575,363"
Montville township,2015,"96,719,675","196,891,503","7,963,929","7,963,929"
Montville township,2020,"93,933,433","192,425,422","7,746,615","7,746,615"
Moonachie borough,2015,"8,799,350","80,080,358","835,961","835,961"
Moonachie borough,2020,"8,452,744","72,724,506","723,167","723,167"
Moorestown township,2015,"97,575,942","339,433,975","8,331,836","8,331,836"
Moorestown township,2020,"95,403,091","319,776,154","7,416,575","7,416,575"
Morris Plains borough,2015,"20,210,866","102,059,241","2,427,243","2,427,243"
Morris Plains borough,2020,"20,745,048","83,641,057","2,220,114","2,220,114"
Morris township,2015,"89,090,832","230,605,307","9,902,064","9,902,064"
Morris township,2020,"87,653,597","169,632,809","9,222,379","9,222,379"
Morristown Town,2015,"60,437,033","302,662,366","5,170,639","5,170,639"
Morristown Town,2020,"61,039,462","253,954,885","4,717,076","4,717,076"
Mount Arlington borough,2020,"20,893,075","33,827,890","1,006,435","1,006,435"
Mount Arlington borough,2015,"19,159,033","33,333,422","902,502","902,502"
Mount Ephraim borough,2015,"15,577,878","24,266,319","1,211,563","1,211,563"
Mount Ephraim borough,2020,"15,213,582","23,306,497","1,086,133","1,086,133"
Mount Holly township,2015,"30,827,543","89,163,074","2,690,731","2,690,731"
Mount Holly township,2020,"30,986,574","87,814,829","2,408,730","2,408,730"
Mount Laurel township,2015,"174,641,680","535,496,133","11,969,162","11,969,162"
Mount Laurel township,2020,"173,411,322","474,477,289","10,536,077","10,536,077"
Mount Olive township,2020,"93,639,302","236,069,209","6,814,298","6,814,298"
Mount Olive township,2015,"91,106,378","241,888,481","5,210,453","5,210,453"
Mountain Lakes borough,2015,"20,041,724","38,294,419","2,334,078","2,334,078"
Mountain Lakes borough,2020,"19,693,476","34,529,319","2,212,715","2,212,715"
Mountainside borough,2020,"29,571,313","62,229,123","4,117,388","4,117,388"
Mountainside borough,2015,"29,489,758","64,979,864","2,561,153","2,561,153"
Mullica township,2020,"20,410,402","20,410,402","578,647","578,647"
Mullica township,2015,"23,884,866","23,884,866","576,343","576,343"
National Park borough,2015,"10,723,290","13,199,031","614,002","614,002"
National Park borough,2020,"10,515,513","12,717,601","559,922","559,922"
Neptune City borough,2015,"15,594,411","48,979,477","1,159,809","1,159,809"
Neptune City borough,2020,"15,088,859","52,567,021","1,057,371","1,057,371"
Neptune township,2015,"95,688,191","244,315,193","8,540,815","8,540,815"
Neptune township,2020,"93,251,162","223,422,485","7,699,110","7,699,110"
Netcong borough,2020,"10,391,519","18,364,785","380,236","380,236"
Netcong borough,2015,"10,394,818","19,274,923","242,401","242,401"
New Brunswick city,2015,"88,950,665","649,334,026","8,550,122","8,550,122"
New Brunswick city,2020,"89,373,686","589,256,172","7,494,032","7,494,032"
New Hanover township,2015,"15,220,299","179,326,110","730,511","730,511"
New Hanover township,2020,"13,491,371","150,005,158","624,135","624,135"
New Milford borough,2015,"47,890,083","63,702,111","5,058,371","5,058,371"
New Milford borough,2020,"47,451,473","62,631,563","4,402,531","4,402,531"
New Providence borough,2015,"46,007,464","94,490,526","4,974,455","4,974,455"
New Providence borough,2020,"43,975,738","80,943,500","4,439,690","4,439,690"
Newark city,2015,"474,453,865","2,658,352,351","60,541,463","60,541,463"
Newark city,2020,"511,222,644","2,639,677,868","56,875,053","56,875,053"
Newfield borough,2015,"17,334,783","17,334,783","736,070","736,070"
Newfield borough,2020,"15,803,431","15,803,431","663,799","663,799"
Newton town,2020,"25,220,316","82,954,185","1,999,062","1,999,062"
Newton town,2015,"25,386,427","93,893,705","1,166,284","1,166,284"
North Arlington borough,2015,"40,264,445","69,070,598","4,493,872","4,493,872"
North Arlington borough,2020,"39,854,868","64,220,390","4,081,961","4,081,961"
North Bergen township,2015,"116,347,090","412,139,248","10,983,987","10,983,987"
North Bergen township,2020,"119,274,066","395,508,447","9,953,308","9,953,308"
North Brunswick township,2015,"108,632,559","268,715,684","11,269,045","11,269,045"
North Brunswick township,2020,"108,063,390","252,705,510","10,097,243","10,097,243"
North Caldwell borough,2015,"33,854,765","43,199,104","4,140,275","4,140,275"
North Caldwell borough,2020,"33,763,770","41,468,843","3,798,030","3,798,030"
North Haledon borough,2015,"31,338,551","43,684,978","3,853,114","3,853,114"
North Haledon borough,2020,"31,132,115","42,230,148","3,565,811","3,565,811"
North Hanover township,2020,"17,614,768","24,773,243","78,848","78,848"
North Hanover township,2015,"19,060,174","26,439,783","70,826","70,826"
North Plainfield borough,2015,"49,807,220","82,627,500","5,020,624","5,020,624"
North Plainfield borough,2020,"49,372,472","80,569,652","4,702,154","4,702,154"
North Wildwood city,2015,"37,816,146","37,816,146","2,269,463","2,269,463"
North Wildwood city,2020,"37,610,268","37,610,268","1,891,463","1,891,463"
Northfield city,2015,"31,371,398","31,371,398","2,861,974","2,861,974"
Northfield city,2020,"27,728,861","27,728,861","2,445,429","2,445,429"
Northvale borough,2015,"14,323,172","53,843,624","1,975,910","1,975,910"
Northvale borough,2020,"14,655,067","48,794,292","1,744,695","1,744,695"
Norwood borough,2015,"21,648,927","39,711,900","2,923,763","2,923,763"
Norwood borough,2020,"21,150,506","35,377,811","2,631,946","2,631,946"
Nutley township,2015,"88,418,460","172,820,356","9,674,213","9,674,213"
Nutley township,2020,"86,690,781","142,985,128","8,591,700","8,591,700"
Oakland borough,2015,"46,895,283","97,111,966","5,525,166","5,525,166"
Oakland borough,2020,"45,743,771","85,570,609","5,048,438","5,048,438"
Oaklyn borough,2015,"13,277,087","17,569,927","1,139,362","1,139,362"
Oaklyn borough,2020,"13,192,903","17,316,844","1,001,191","1,001,191"
Ocean City city,2015,"126,884,097","126,884,097","8,110,062","8,110,062"
Ocean City city,2020,"124,295,042","124,295,042","6,634,373","6,634,373"
Ocean Gate borough,2015,"8,141,902","9,972,725","738,201","738,201"
Ocean Gate borough,2020,"8,991,223","10,475,357","685,372","685,372"
Ocean township,2015,"113,264,709","205,521,179","9,845,949","9,845,949"
Ocean township,2020,"111,160,618","188,370,635","8,892,615","8,892,615"
Ocean township,2020,"36,876,453","54,273,029","3,869,177","3,869,177"
Ocean township,2015,"36,603,721","58,741,911","3,246,878","3,246,878"
Oceanport borough,2015,"23,242,859","38,729,602","2,315,944","2,315,944"
Oceanport borough,2020,"23,892,453","40,933,823","2,224,632","2,224,632"
Ogdensburg borough,2020,"8,546,029","13,359,914","201,603","201,603"
Ogdensburg borough,2015,"9,345,463","13,158,544","3,198","3,198"
Old Bridge township,2015,"201,497,406","362,606,160","16,451,047","16,451,047"
Old Bridge township,2020,"194,091,576","329,995,147","15,367,691","15,367,691"
Old Tappan borough,2015,"29,344,986","29,441,925","3,605,853","3,605,853"
Old Tappan borough,2020,"28,563,026","35,663,728","3,295,832","3,295,832"
Oldmans township,2015,"8,991,164","8,991,164","264,859","264,859"
Oldmans township,2020,"7,151,490","7,151,490","228,711","228,711"
Oradell borough,2015,"31,138,720","53,101,309","3,766,517","3,766,517"
Oradell borough,2020,"29,545,878","46,974,358","3,295,240","3,295,240"
Oxford township,2020,"9,483,835","15,426,385","429,635","429,635"
Oxford township,2015,"9,465,838","16,012,474","262,027","262,027"
Palisades Park borough,2015,"44,880,335","86,248,900","4,464,847","4,464,847"
Palisades Park borough,2020,"47,281,769","83,946,031","4,275,770","4,275,770"
Palmyra borough,2015,"25,549,528","41,848,305","1,997,271","1,997,271"
Palmyra borough,2020,"25,889,246","38,676,023","1,819,923","1,819,923"
Paramus borough,2015,"89,302,327","488,582,969","10,775,959","10,775,959"
Paramus borough,2020,"88,296,278","401,654,683","9,859,266","9,859,266"
Park Ridge borough,2015,"6,300","6,300","3,891,686","3,891,686"
Park Ridge borough,2020,"5,426","5,426","3,523,139","3,523,139"
Parsippany-Troy Hills township,2015,"157,324,799","728,810,502","12,689,792","12,689,792"
Parsippany-Troy Hills township,2020,"151,746,164","636,136,309","12,284,048","12,284,048"
Passaic city,2015,"118,140,490","286,300,808","13,033,883","13,033,883"
Passaic city,2020,"120,716,935","272,142,267","11,910,961","11,910,961"
Paterson city,2015,"272,447,873","717,591,187","36,915,623","36,915,623"
Paterson city,2020,"287,074,651","699,776,991","34,245,789","34,245,789"
Paulsboro borough,2015,"22,511,879","22,511,879","1,012,660","1,012,660"
Paulsboro borough,2020,"20,604,653","20,604,653","905,463","905,463"
Peapack and Gladstone borough,2020,"13,278,702","22,894,673","871,408","871,408"
Peapack and Gladstone borough,2015,"13,581,299","36,631,894","840,652","840,652"
Pemberton borough,2015,"140,112","1,451,568","421,115","421,115"
Pemberton borough,2020,"112,617","8,642,420","375,964","375,964"
Pemberton township,2015,"106,807,409","164,897,058","4,528,422","4,528,422"
Pemberton township,2020,"98,621,360","147,117,916","3,991,877","3,991,877"
Pennington borough,2020,"10,630,550","21,908,291","1,586,645","1,586,645"
Pennington borough,2015,"10,329,133","23,312,612","857,283","857,283"
Penns Grove borough,2015,"26,174,506","26,174,506","1,178,422","1,178,422"
Penns Grove borough,2020,"23,235,256","23,235,256","1,042,868","1,042,868"
Pennsauken township,2015,"101,765,472","400,059,021","9,579,825","9,579,825"
Pennsauken township,2020,"101,475,271","379,580,529","8,625,372","8,625,372"
Pennsville township,2015,"59,429,433","59,429,433","2,427,544","2,427,544"
Pennsville township,2020,"50,715,307","50,715,307","2,093,869","2,093,869"
Pequannock township,2015,"52,495,214","119,152,794","5,380,123","5,380,123"
Pequannock township,2020,"49,689,629","110,670,473","5,020,961","5,020,961"
Perth Amboy city,2020,"101,272,372","261,458,330","17,383,640","17,383,640"
Perth Amboy city,2015,"97,723,344","274,640,728","9,537,203","9,537,203"
Phillipsburg town,2020,"44,648,077","122,189,661","5,344,357","5,344,357"
Phillipsburg town,2015,"42,769,610","207,169,641","3,000,379","3,000,379"
Pilesgrove township,2020,"3,516,944","3,516,944","406,052","406,052"
Pilesgrove township,2015,"3,237,431","3,237,431","154,119","154,119"
Pine Beach borough,2020,"8,682,281","10,029,590","8,004,393","8,004,393"
Pine Beach borough,2015,"8,830,431","10,385,850","825,632","825,632"
Pine Hill borough,2015,"39,229,474","39,229,474","2,036,646","2,036,646"
Pine Hill borough,2020,"36,305,488","36,305,488","2,022,305","2,022,305"
Pine Valley borough,2020,"190,998","190,998","7,658","7,658"
Pine Valley borough,2015,"239,265","239,265",NDA,0
Piscataway township,2015,"131,795,527","903,479,145","12,920,279","12,920,279"
Piscataway township,2020,"130,681,489","979,730,103","11,908,811","11,908,811"
Pitman borough,2015,"33,290,468","33,290,468","2,565,450","2,565,450"
Pitman borough,2020,"31,251,312","31,251,312","2,214,333","2,214,333"
Pittsgrove township,2015,"14,269,380","14,269,380","1,411,645","1,411,645"
Pittsgrove township,2020,"13,266,538","13,266,538","1,360,968","1,360,968"
Plainfield city,2015,"105,250,226","205,498,839","12,259,750","12,259,750"
Plainfield city,2020,"109,263,251","199,722,367","11,368,691","11,368,691"
Plainsboro township,2015,"89,770,568","401,839,245","4,183,530","4,183,530"
Plainsboro township,2020,"85,553,227","338,159,080","3,745,456","3,745,456"
Pleasantville city,2015,"51,477,440","51,477,440","6,509,301","6,509,301"
Pleasantville city,2020,"46,222,721","46,222,721","4,024,491","4,024,491"
Plumsted township,2015,"38,026,276","56,118,607","1,321,802","1,321,802"
Plumsted township,2020,"35,878,869","49,356,930","1,141,101","1,141,101"
Pohatcong township,2020,"14,022,880","31,175,590","191,504","191,504"
Pohatcong township,2015,"14,497,154","36,156,904","96,824","96,824"
Point Pleasant Beach borough,2015,"23,436,719","53,740,714","2,292,766","2,292,766"
Point Pleasant Beach borough,2020,"25,678,979","51,178,379","2,062,945","2,062,945"
Point Pleasant borough,2015,"74,800,173","108,535,120","6,839,598","6,839,598"
Point Pleasant borough,2020,"74,450,421","104,230,822","6,136,309","6,136,309"
Pompton Lakes borough,2015,"36,455,166","67,646,668","3,881,168","3,881,168"
Pompton Lakes borough,2020,"35,772,955","60,904,149","3,466,883","3,466,883"
Port Republic city,2020,"6,170,203","6,170,203","9,825","9,825"
Port Republic city,2015,"7,564,486","7,564,486","9,628","9,628"
Princeton,2015,"95,898,783","320,054,713","9,919,727","9,919,727"
Princeton,2020,"97,934,001","224,401,381","8,942,230","8,942,230"
Prospect Park borough,2015,"12,240,660","16,618,586","1,801,699","1,801,699"
Prospect Park borough,2020,"12,658,351","16,873,487","1,682,705","1,682,705"
Quinton township,2015,"9,520,215","9,520,215","1,877","1,877"
Quinton township,2020,"8,145,601","8,145,601","1,266","1,266"
Rahway city,2020,"77,088,191","221,006,908","11,294,594","11,294,594"
Rahway city,2015,"74,420,212","282,101,768","6,249,094","6,249,094"
Ramsey borough,2015,"55,855,148","55,855,148","6,862,246","6,862,246"
Ramsey borough,2020,"54,418,576","129,558,915","6,319,523","6,319,523"
Randolph township,2015,"99,069,768","170,222,007","8,547,422","8,547,422"
Randolph township,2020,"98,004,103","157,049,526","8,297,108","8,297,108"
Raritan borough,2015,"21,698,082","152,929,376","2,262,336","2,262,336"
Raritan borough,2020,"21,972,884","122,274,179","2,059,986","2,059,986"
Raritan township,2020,"90,235,013","249,276,570","11,112,118","11,112,118"
Raritan township,2015,"86,816,291","262,037,484","6,032,477","6,032,477"
Readington township,2020,"73,779,984","127,264,694","4,851,560","4,851,560"
Readington township,2015,"74,011,135","137,146,843","4,632,767","4,632,767"
Red Bank borough,2015,"39,316,941","173,248,045","3,056,186","3,056,186"
Red Bank borough,2020,"36,956,942","146,126,932","2,683,563","2,683,563"
Ridgefield borough,2015,"28,774,095","114,608,092","3,551,797","3,551,797"
Ridgefield borough,2020,"28,317,285","110,206,306","3,243,454","3,243,454"
Ridgefield Park village,2015,"31,562,107","90,961,481","3,499,443","3,499,443"
Ridgefield Park village,2020,"31,469,818","88,515,136","3,126,475","3,126,475"
Ridgewood village,2015,"95,460,830","176,403,066","12,245,081","12,245,081"
Ridgewood village,2020,"93,813,400","158,598,567","10,816,700","10,816,700"
Ringwood borough,2015,"44,408,846","60,806,857","3,903,473","3,903,473"
Ringwood borough,2020,"43,939,646","60,457,650","3,623,028","3,623,028"
River Edge borough,2015,"34,129,677","54,711,735","3,846,733","3,846,733"
River Edge borough,2020,"34,268,894","51,518,733","3,424,209","3,424,209"
River Vale township,2015,"39,010,576","53,690,744","4,589,070","4,589,070"
River Vale township,2020,"38,214,780","50,545,444","4,138,810","4,138,810"
Riverdale borough,2015,"15,494,189","46,555,536","1,293,902","1,293,902"
Riverdale borough,2020,"14,010,933","40,644,868","1,163,740","1,163,740"
Riverside township,2015,"24,432,509","42,412,127","2,051,557","2,051,557"
Riverside township,2020,"23,991,786","39,004,625","1,855,478","1,855,478"
Riverton borough,2015,"9,939,451","14,134,430","996,091","996,091"
Riverton borough,2020,"9,852,462","13,327,552","903,082","903,082"
Robbinsville township,2015,"53,973,893","159,017,138","4,084,335","4,084,335"
Robbinsville township,2020,"55,062,658","161,241,275","3,943,113","3,943,113"
Rochelle Park township,2015,"17,231,311","81,077,771","1,836,348","1,836,348"
Rochelle Park township,2020,"16,869,782","68,201,850","1,669,945","1,669,945"
Rockaway borough,2015,"22,027,414","61,334,028","1,611,831","1,611,831"
Rockaway borough,2020,"20,412,360","51,687,189","1,597,889","1,597,889"
Rockaway township,2020,"91,877,573","314,260,470","4,596,700","4,596,700"
Rockaway township,2015,"95,121,139","359,486,458","3,820,049","3,820,049"
Rockleigh borough,2015,"1,756,526","1,756,526","211,922","211,922"
Rockleigh borough,2020,"1,865,364","31,271,496","205,588","205,588"
Rocky Hill borough,2015,"2,781,760","5,589,024","237,641","237,641"
Rocky Hill borough,2020,"2,750,116","4,728,746","223,742","223,742"
Roosevelt borough,2015,"3,067,242","3,918,267","320,258","320,258"
Roosevelt borough,2020,"2,900,751","3,661,498","294,682","294,682"
Roseland borough,2015,"24,302,491","125,182,167","2,690,989","2,690,989"
Roseland borough,2020,"23,859,373","90,478,960","2,447,791","2,447,791"
Roselle borough,2020,"51,226,101","95,327,096","8,226,643","8,226,643"
Roselle borough,2015,"47,221,571","94,110,229","4,862,132","4,862,132"
Roselle Park borough,2020,"33,125,752","45,669,859","4,689,368","4,689,368"
Roselle Park borough,2015,"32,173,304","48,142,477","2,869,191","2,869,191"
Roxbury township,2020,"82,134,377","181,392,957","5,443,819","5,443,819"
Roxbury township,2015,"82,444,107","188,025,175","5,339,503","5,339,503"
Rumson borough,2015,"47,699,418","60,476,607","4,429,159","4,429,159"
Rumson borough,2020,"48,533,491","59,185,202","4,388,571","4,388,571"
Runnemede borough,2015,"27,782,488","52,489,489","1,959,772","1,959,772"
Runnemede borough,2020,"26,815,071","48,720,515","1,705,159","1,705,159"
Rutherford borough,2015,"52,236,840","160,749,928","6,057,427","6,057,427"
Rutherford borough,2020,"51,566,894","151,769,803","5,257,782","5,257,782"
Saddle Brook township,2015,"44,115,625","137,931,689","4,599,763","4,599,763"
Saddle Brook township,2020,"43,285,441","136,689,306","4,116,403","4,116,403"
Saddle River borough,2015,"39,649,416","40,442,895","4,420,421","4,420,421"
Saddle River borough,2020,"37,321,345","44,793,735","4,070,186","4,070,186"
Salem city,2015,"36,152,681","36,152,681","771,951","771,951"
Salem city,2020,"32,043,609","32,043,609","687,532","687,532"
Sandyston township,2015,"9,471,822","12,240,763",NDA,0
Sandyston township,2020,"9,416,742","11,694,279",NDA,0
Sayreville borough,2015,"127,721,881","578,329,080","13,574,822","13,574,822"
Sayreville borough,2020,"124,241,974","607,006,235","11,732,720","11,732,720"
Scotch Plains township,2020,"87,637,947","124,981,578","12,046,896","12,046,896"
Scotch Plains township,2015,"88,970,604","135,497,939","7,564,091","7,564,091"
Sea Bright borough,2015,"8,355,655","13,903,606","581,915","581,915"
Sea Bright borough,2020,"9,373,863","15,939,354","569,232","569,232"
Sea Girt borough,2015,"15,476,446","20,321,690","1,514,300","1,514,300"
Sea Girt borough,2020,"16,691,498","20,922,331","1,398,938","1,398,938"
Sea Isle City city,2015,"46,252,050","46,252,050","2,300,482","2,300,482"
Sea Isle City city,2020,"47,245,628","47,245,628","1,883,280","1,883,280"
Seaside Heights borough,2015,"125,042","211,343","860,052","860,052"
Seaside Heights borough,2020,"146,501","164,876","813,886","813,886"
Seaside Park borough,2015,"13,080,688","19,134,716","1,491,440","1,491,440"
Seaside Park borough,2020,"14,681,793","20,328,763","1,022,601","1,022,601"
Secaucus town,2015,"55,102,702","706,549,854","4,647,814","4,647,814"
Secaucus town,2020,"57,984,167","784,285,661","4,468,146","4,468,146"
Shamong township,2015,"33,360,876","33,360,876","1,445,885","1,445,885"
Shamong township,2020,"30,340,001","30,340,001","1,356,567","1,356,567"
Shiloh borough,2020,"2,157,672","2,157,672","51,395","51,395"
Shiloh borough,2015,"2,454,142","2,454,142","43,579","43,579"
Ship Bottom borough,2015,"11,931,760","11,931,760","707,963","707,963"
Ship Bottom borough,2020,"13,191,567","13,191,567","645,499","645,499"
Shrewsbury borough,2015,"18,222,296","53,600,182","1,614,118","1,614,118"
Shrewsbury borough,2020,"16,836,580","45,462,104","1,490,275","1,490,275"
Shrewsbury township,2015,"1,566,909","7,514,059","168,304","168,304"
Shrewsbury township,2020,"1,418,807","6,426,952","161,396","161,396"
Somerdale borough,2015,"17,842,678","37,214,125","1,685,269","1,685,269"
Somerdale borough,2020,"17,008,580","31,079,631","1,444,644","1,444,644"
Somers Point city,2015,"36,060,301","36,060,301","2,500,743","2,500,743"
Somers Point city,2020,"33,268,266","33,268,266","2,139,461","2,139,461"
Somerville borough,2015,"31,203,742","107,655,066","3,046,851","3,046,851"
Somerville borough,2020,"33,595,776","103,751,108","2,751,235","2,751,235"
South Amboy city,2015,"35,016,928","57,925,359","2,741,869","2,741,869"
South Amboy city,2020,"35,751,401","60,937,433","2,587,518","2,587,518"
South Bound Brook borough,2015,"13,990,469","19,612,486","1,206,453","1,206,453"
South Bound Brook borough,2020,"13,656,303","18,255,668","1,051,524","1,051,524"
South Brunswick township,2015,"134,965,724","596,006,407","14,030,163","14,030,163"
South Brunswick township,2020,"133,067,479","577,331,279","13,119,957","13,119,957"
South Hackensack township,2015,"6,682,517","66,213,538","753,325","753,325"
South Hackensack township,2020,"6,155,223","59,825,148","646,820","646,820"
South Harrison township,2020,"2,710,906","2,710,906","163,287","163,287"
South Harrison township,2015,"3,086,576","3,086,576","30,720","30,720"
South Orange Village township,2015,"54,464,128","116,455,118","7,414,168","7,414,168"
South Orange Village township,2020,"56,235,943","110,281,910","6,814,228","6,814,228"
South Plainfield borough,2015,"69,413,893","315,246,786","6,982,497","6,982,497"
South Plainfield borough,2020,"68,510,058","292,588,098","6,307,524","6,307,524"
South River borough,2015,NDA,NDA,"4,708,489","4,708,489"
South River borough,2020,NDA,NDA,"4,281,189","4,281,189"
South Toms River borough,2020,"9,963,011","17,267,832","840,913","840,913"
South Toms River borough,2015,"60,205,929","94,022,049","830,233","830,233"
Southampton township,2015,"59,317,005","73,677,643","1,035,052","1,035,052"
Southampton township,2020,"54,641,245","67,698,838","1,012,658","1,012,658"
Sparta township,2020,"91,323,986","144,465,355","2,095,472","2,095,472"
Sparta township,2015,"89,740,723","147,592,794","1,060,901","1,060,901"
Spotswood borough,2015,"28,806,847","96,614,264","2,238,041","2,238,041"
Spotswood borough,2020,"27,520,110","82,102,196","1,977,897","1,977,897"
Spring Lake borough,2015,"22,515,730","35,005,684","2,400,174","2,400,174"
Spring Lake borough,2020,"25,119,839","35,647,472","1,872,547","1,872,547"
Spring Lake Heights borough,2015,"21,504,588","30,616,491","1,606,382","1,606,382"
Spring Lake Heights borough,2020,"21,225,055","28,699,136","1,454,877","1,454,877"
Springfield township,2015,"56,047,377","138,795,658","5,881,830","5,881,830"
Springfield township,2020,"53,063,956","131,198,153","5,083,553","5,083,553"
Springfield township,2015,"16,956,867","27,342,126","334,819","334,819"
Springfield township,2020,"16,086,748","25,524,292","276,501","276,501"
Stafford township,2015,"121,700,981","121,700,981","6,697,037","6,697,037"
Stafford township,2020,"118,939,627","118,939,627","493,581","493,581"
Stanhope borough,2015,"16,197,477","23,653,854",NDA,0
Stanhope borough,2020,"15,633,366","21,887,353",NDA,0
Stillwater township,2015,"20,337,541","23,533,444",NDA,0
Stillwater township,2020,"20,188,848","23,512,753",NDA,0
Stockton borough,2020,"2,384,066","3,574,668","265,695","265,695"
Stockton borough,2015,"2,357,894","4,029,626","154,161","154,161"
Stone Harbor borough,2015,"24,076,717","24,076,717","1,369,970","1,369,970"
Stone Harbor borough,2020,"25,208,510","25,208,510","1,321,507","1,321,507"
Stow Creek township,2020,"3,351,233","3,351,233","9,566","9,566"
Stow Creek township,2015,"3,760,788","3,760,788",150,150
Stratford borough,2015,"22,677,982","22,677,982","1,813,677","1,813,677"
Stratford borough,2020,"21,015,297","21,015,297","1,548,455","1,548,455"
Summit city,2015,"90,861,592","279,627,867","10,143,011","10,143,011"
Summit city,2020,"83,819,643","267,183,957","8,811,108","8,811,108"
Surf City borough,2015,"15,131,354","15,131,354","847,588","847,588"
Surf City borough,2020,"16,518,220","16,518,220","838,910","838,910"
Sussex borough,2020,"8,604,266","84,866,891","379,156","379,156"
Sussex borough,2015,"7,796,066","90,737,672","184,052","184,052"
Swedesboro borough,2015,"76,037,386","76,037,386","593,705","593,705"
Swedesboro borough,2020,"70,241,253","70,241,253","536,684","536,684"
Tabernacle township,2020,"33,613,900","33,613,900","895,820","895,820"
Tabernacle township,2015,"35,819,229","35,819,229","666,287","666,287"
Tavistock borough,2015,NDA,NDA,NDA,0
Tavistock borough,2020,NDA,NDA,NDA,0
Teaneck township,2015,"122,125,995","240,815,287","14,243,659","14,243,659"
Teaneck township,2020,"123,047,575","225,478,444","12,520,332","12,520,332"
Tenafly borough,2015,"60,591,362","93,114,784","7,513,319","7,513,319"
Tenafly borough,2020,"61,444,821","86,918,618","6,883,909","6,883,909"
Teterboro borough,2015,"1,108,021","88,797,504","16,286","16,286"
Teterboro borough,2020,"193,803","87,029,229","14,212","14,212"
Tewksbury township,2015,"39,958,351","52,453,648","1,777,846","1,777,846"
Tewksbury township,2020,"39,544,299","50,266,984","1,761,661","1,761,661"
Tinton Falls borough,2015,"60,134,835","189,291,025","5,177,315","5,177,315"
Tinton Falls borough,2020,"60,252,810","165,982,190","152,630","152,630"
Toms River township,2015,"382,776,081","734,275,705","30,103,949","30,103,949"
Toms River township,2020,"382,946,983","662,897,073","1,520,621","1,520,621"
Totowa borough,2015,"35,603,623","224,424,149","4,520,046","4,520,046"
Totowa borough,2020,"35,287,740","221,437,944","4,090,631","4,090,631"
Trenton city,2015,"177,044,325","619,356,712","23,046,694","23,046,694"
Trenton city,2020,"185,020,440","592,191,011","21,183,714","21,183,714"
Tuckerton borough,2015,"28,662,418","28,662,418","1,429,358","1,429,358"
Tuckerton borough,2020,"25,898,718","25,898,718","941,625","941,625"
Union Beach borough,2020,"18,198,317","32,768,695","2,254,540","2,254,540"
Union Beach borough,2015,"18,214,724","40,581,226","1,601,919","1,601,919"
Union City city,2015,"102,228,854","244,889,240","9,460,245","9,460,245"
Union City city,2020,"102,967,360","238,961,888","8,375,347","8,375,347"
Union township,2020,"145,195,464","409,645,158","25,227,762","25,227,762"
Union township,2015,"143,263,619","464,125,150","14,632,126","14,632,126"
Union township,2020,"24,493,796","52,891,635","956,930","956,930"
Union township,2015,"25,217,749","63,053,180","534,777","534,777"
Upper Deerfield township,2020,"11,048,325","43,833,625","837,712","837,712"
Upper Deerfield township,2015,"12,926,192","43,019,999","766,211","766,211"
Upper Freehold township,2015,"29,680,034","41,503,949","2,081,211","2,081,211"
Upper Freehold township,2020,"35,458,738","47,118,828","2,080,713","2,080,713"
Upper Pittsgrove township,2020,"17,187,197","17,187,197","206,577","206,577"
Upper Pittsgrove township,2015,"19,073,818","19,073,818","184,632","184,632"
Upper Saddle River borough,2015,"44,576,569","69,660,987","6,253,918","6,253,918"
Upper Saddle River borough,2020,"44,358,332","62,120,700","5,766,418","5,766,418"
Upper township,2020,"54,275,520","54,275,520","1,794,905","1,794,905"
Upper township,2015,"60,050,240","60,050,240","1,718,406","1,718,406"
Ventnor City city,2015,"44,133,494","44,133,494","4,539,997","4,539,997"
Ventnor City city,2020,"43,256,613","43,256,613","3,562,392","3,562,392"
Vernon township,2020,"31,523,790","58,504,815","2,302,939","2,302,939"
Vernon township,2015,"32,920,661","66,698,884","1,276,836","1,276,836"
Verona township,2015,"42,998,169","79,983,213","5,094,322","5,094,322"
Verona township,2020,"43,383,806","73,891,674","4,643,222","4,643,222"
Victory Gardens borough,2015,"3,771,866","5,618,509","294,626","294,626"
Victory Gardens borough,2020,"3,618,519","5,371,754","285,911","285,911"
Vineland City,2015,"7,728,197","14,696,123","13,956,104","13,956,104"
Vineland City,2020,"6,775,891","13,234,991","12,199,985","12,199,985"
Voorhees township,2015,"90,946,482","314,930,122","8,397,121","8,397,121"
Voorhees township,2020,"95,619,906","264,606,383","7,260,847","7,260,847"
Waldwick borough,2015,"30,307,854","66,466,705","3,728,624","3,728,624"
Waldwick borough,2020,"30,774,123","60,731,794","3,344,624","3,344,624"
Wall township,2015,"114,078,699","306,267,518","10,153,560","10,153,560"
Wall township,2020,"111,228,867","279,597,781","9,254,600","9,254,600"
Wallington borough,2015,"26,832,554","45,000,750","2,904,720","2,904,720"
Wallington borough,2020,"26,730,379","43,106,761","2,506,608","2,506,608"
Walpack township,2015,"298,959","637,791",NDA,0
Walpack township,2020,"205,082","439,173",NDA,0
Wanaque borough,2015,"34,033,080","76,036,823","3,682,392","3,682,392"
Wanaque borough,2020,"35,227,505","76,709,231","3,424,868","3,424,868"
Wantage township,2020,"14,600,626","30,594,409","201,168","201,168"
Wantage township,2015,"12,552,488","29,158,038","100,109","100,109"
Warren township,2015,"79,618,747","203,854,513","8,669,186","8,669,186"
Warren township,2020,"78,391,120","160,692,800","7,779,922","7,779,922"
Washington borough,2020,"23,406,846","47,559,594","2,504,183","2,504,183"
Washington borough,2015,"22,602,617","60,261,207","1,520,087","1,520,087"
Washington township,2015,"123,756,931","276,427,374","13,671,341","13,671,341"
Washington township,2020,"109,018,326","235,442,557","11,429,355","11,429,355"
Washington township,2020,"79,321,446","119,845,279","6,114,309","6,114,309"
Washington township,2015,"37,088,866","52,929,668","4,235,091","4,235,091"
Washington township,2020,"35,601,949","47,467,965","3,767,319","3,767,319"
Washington township,2015,"79,867,504","122,070,641","3,666,994","3,666,994"
Washington township,2020,"28,514,823","50,111,010","1,631,353","1,631,353"
Washington township,2015,"28,382,200","72,461,428","1,520,087","1,520,087"
Washington township,2015,"3,612,073","3,612,073",NDA,0
Washington township,2020,"3,494,786","3,494,786",NDA,0
Watchung borough,2015,"29,471,141","77,548,705","3,290,560","3,290,560"
Watchung borough,2020,"29,444,676","73,917,846","3,042,828","3,042,828"
Waterford township,2015,"54,471,993","54,471,993","2,895,177","2,895,177"
Waterford township,2020,"49,318,848","49,318,848","2,618,090","2,618,090"
Wayne township,2015,"191,573,680","592,315,114","21,098,254","21,098,254"
Wayne township,2020,"185,106,556","516,562,146","19,143,396","19,143,396"
Weehawken township,2015,"39,328,741","239,080,997","2,985,278","2,985,278"
Weehawken township,2020,"45,799,564","208,911,041","2,618,444","2,618,444"
Wenonah borough,2015,"23,056,335","23,056,335","1,007,575","1,007,575"
Wenonah borough,2020,"21,747,798","21,747,798","852,586","852,586"
West Amwell township,2020,"14,192,690","21,319,730","436,858","436,858"
West Amwell township,2015,"14,192,382","24,127,555","234,750","234,750"
West Caldwell township,2015,"38,022,866","149,568,299","4,544,509","4,544,509"
West Caldwell township,2020,"37,672,900","144,042,971","4,096,235","4,096,235"
West Cape May borough,2015,"7,275,027","7,275,027","551,470","551,470"
West Cape May borough,2020,"7,513,240","7,513,240","483,098","483,098"
West Deptford township,2015,"82,682,813","377,575,613","4,744,795","4,744,795"
West Deptford township,2020,"78,200,195","319,944,289","4,197,959","4,197,959"
West Long Branch borough,2015,"29,332,443","82,379,806","2,783,244","2,783,244"
West Long Branch borough,2020,"29,605,310","73,878,298","2,546,888","2,546,888"
West Milford township,2015,"96,274,024","142,204,000","6,120,280","6,120,280"
West Milford township,2020,"95,496,064","136,000,065","5,639,819","5,639,819"
West New York town,2015,"88,665,968","196,752,658","5,700,053","5,700,053"
West New York town,2020,"90,720,469","186,758,207","5,361,376","5,361,376"
West Orange township,2015,"142,983,262","310,124,006","17,799,435","17,799,435"
West Orange township,2020,"142,902,481","294,058,449","16,278,585","16,278,585"
West Wildwood borough,2015,"3,562,345","3,562,345","284,324","284,324"
West Wildwood borough,2020,"3,856,824","3,856,824","233,817","233,817"
West Windsor township,2015,"93,969,279","332,048,744","9,816,956","9,816,956"
West Windsor township,2020,"94,056,481","385,370,307","8,769,769","8,769,769"
Westampton township,2015,"35,632,723","111,039,089","2,046,788","2,046,788"
Westampton township,2020,"33,591,661","111,438,788","1,792,056","1,792,056"
Westfield town,2020,"116,786,732","167,645,971","16,731,396","16,731,396"
Westfield town,2015,"114,910,096","177,984,063","10,283,353","10,283,353"
Westville borough,2015,"13,787,575","21,536,325","1,074,226","1,074,226"
Westville borough,2020,"13,650,102","20,728,238","996,129","996,129"
Westwood borough,2015,"35,482,791","76,977,761","3,649,841","3,649,841"
Westwood borough,2020,"35,063,892","69,485,351","3,308,166","3,308,166"
Weymouth township,2015,"11,635,330","11,635,330","154,859","154,859"
Weymouth township,2020,"10,934,301","10,934,301","146,161","146,161"
Wharton borough,2015,"21,909,385","91,503,900","1,464,531","1,464,531"
Wharton borough,2020,"21,473,134","68,599,417","1,333,118","1,333,118"
White township,2020,"19,262,234","30,533,045","826,959","826,959"
White township,2015,"20,143,034","37,567,084","516,834","516,834"
Wildwood city,2015,"36,607,082","36,607,082","1,847,205","1,847,205"
Wildwood city,2020,"36,102,884","36,102,884","1,470,715","1,470,715"
Wildwood Crest Borough,2015,"31,894,976","31,894,976","2,164,417","2,164,417"
Wildwood Crest Borough,2020,"30,810,241","30,810,241","1,719,817","1,719,817"
Willingboro township,2015,"100,115,288","161,243,955","11,761,897","11,761,897"
Willingboro township,2020,"94,875,741","145,494,164","10,659,651","10,659,651"
Winfield township,2020,"3,982,542","4,372,867","485,650","485,650"
Winfield township,2015,"4,070,977","4,553,297","294,920","294,920"
Winslow township,2015,"143,879,895","143,879,895","8,950,152","8,950,152"
Winslow township,2020,"132,491,144","132,491,144","8,398,526","8,398,526"
Wood-Ridge borough,2015,"28,417,058","58,860,049","2,968,388","2,968,388"
Wood-Ridge borough,2020,"31,375,651","59,991,502","2,784,877","2,784,877"
Woodbine borough,2020,"10,316,555","10,316,555","217,899","217,899"
Woodbine borough,2015,"10,942,852","10,942,852","173,409","173,409"
Woodbridge Township,2020,"259,015,843","822,607,365","37,881,374","37,881,374"
Woodbridge Township,2015,"259,678,157","890,211,835","20,647,623","20,647,623"
Woodbury city,2015,"32,098,691","90,950,790","2,410,078","2,410,078"
Woodbury city,2020,"32,168,470","79,846,685","2,254,151","2,254,151"
Woodbury Heights borough,2015,"11,677,187","21,087,640","841,005","841,005"
Woodbury Heights borough,2020,"11,354,664","18,867,668","725,274","725,274"
Woodcliff Lake borough,2015,"28,191,274","97,469,266","3,656,916","3,656,916"
Woodcliff Lake borough,2020,"28,055,026","76,849,995","3,426,419","3,426,419"
Woodland Park borough,2015,"39,069,732","98,826,251","3,824,962","3,824,962"
Woodland Park borough,2020,"38,810,659","81,490,550","3,477,443","3,477,443"
Woodland township,2020,"6,362,458","16,252,696",936,936
Woodland township,2015,"6,850,193","18,055,484",NDA,0
Woodlynne borough,2015,"6,873,610","9,018,233","668,269","668,269"
Woodlynne borough,2020,"7,106,011","9,077,564","640,145","640,145"
Woodstown borough,2015,"34,088,961","34,088,961","814,853","814,853"
Woodstown borough,2020,"30,737,769","30,737,769","722,708","722,708"
Woolwich township,2015,"17,626","17,626","2,951,623","2,951,623"
Woolwich township,2020,"49,620","49,620","2,932,981","2,932,981"
Wrightstown borough,2015,"3,635,279","15,773,256","126,424","126,424"
Wrightstown borough,2020,"3,674,351","16,707,016","117,250","117,250"
Wyckoff township,2015,"74,316,505","109,948,205","9,373,709","9,373,709"
Wyckoff township,2020,"72,650,190","108,367,269","8,829,622","8,829,622"
